,id,url
0,0,http://www.tng-project.org/api/TNG50-1/snapshots/99/subhalos/0/
1,2,http://www.tng-project.org/api/TNG50-1/snapshots/99/subhalos/2/
2,8,http://www.tng-project.org/api/TNG50-1/snapshots/99/subhalos/8/
3,11,http://www.tng-project.org/api/TNG50-1/snapshots/99/subhalos/11/
4,12,http://www.tng-project.org/api/TNG50-1/snapshots/99/subhalos/12/
5,17,http://www.tng-project.org/api/TNG50-1/snapshots/99/subhalos/17/
6,18,http://www.tng-project.org/api/TNG50-1/snapshots/99/subhalos/18/
7,19,http://www.tng-project.org/api/TNG50-1/snapshots/99/subhalos/19/
8,20,http://www.tng-project.org/api/TNG50-1/snapshots/99/subhalos/20/
9,28,http://www.tng-project.org/api/TNG50-1/snapshots/99/subhalos/28/
10,29,http://www.tng-project.org/api/TNG50-1/snapshots/99/subhalos/29/
11,37,http://www.tng-project.org/api/TNG50-1/snapshots/99/subhalos/37/
12,44,http://www.tng-project.org/api/TNG50-1/snapshots/99/subhalos/44/
13,45,http://www.tng-project.org/api/TNG50-1/snapshots/99/subhalos/45/
14,48,http://www.tng-project.org/api/TNG50-1/snapshots/99/subhalos/48/
15,53,http://www.tng-project.org/api/TNG50-1/snapshots/99/subhalos/53/
16,56,http://www.tng-project.org/api/TNG50-1/snapshots/99/subhalos/56/
17,57,http://www.tng-project.org/api/TNG50-1/snapshots/99/subhalos/57/
18,63,http://www.tng-project.org/api/TNG50-1/snapshots/99/subhalos/63/
19,67,http://www.tng-project.org/api/TNG50-1/snapshots/99/subhalos/67/
20,69,http://www.tng-project.org/api/TNG50-1/snapshots/99/subhalos/69/
21,73,http://www.tng-project.org/api/TNG50-1/snapshots/99/subhalos/73/
22,75,http://www.tng-project.org/api/TNG50-1/snapshots/99/subhalos/75/
23,81,http://www.tng-project.org/api/TNG50-1/snapshots/99/subhalos/81/
24,83,http://www.tng-project.org/api/TNG50-1/snapshots/99/subhalos/83/
25,85,http://www.tng-project.org/api/TNG50-1/snapshots/99/subhalos/85/
26,88,http://www.tng-project.org/api/TNG50-1/snapshots/99/subhalos/88/
27,91,http://www.tng-project.org/api/TNG50-1/snapshots/99/subhalos/91/
28,99,http://www.tng-project.org/api/TNG50-1/snapshots/99/subhalos/99/
29,111,http://www.tng-project.org/api/TNG50-1/snapshots/99/subhalos/111/
30,119,http://www.tng-project.org/api/TNG50-1/snapshots/99/subhalos/119/
31,132,http://www.tng-project.org/api/TNG50-1/snapshots/99/subhalos/132/
32,136,http://www.tng-project.org/api/TNG50-1/snapshots/99/subhalos/136/
33,137,http://www.tng-project.org/api/TNG50-1/snapshots/99/subhalos/137/
34,141,http://www.tng-project.org/api/TNG50-1/snapshots/99/subhalos/141/
35,154,http://www.tng-project.org/api/TNG50-1/snapshots/99/subhalos/154/
36,159,http://www.tng-project.org/api/TNG50-1/snapshots/99/subhalos/159/
37,164,http://www.tng-project.org/api/TNG50-1/snapshots/99/subhalos/164/
38,170,http://www.tng-project.org/api/TNG50-1/snapshots/99/subhalos/170/
39,182,http://www.tng-project.org/api/TNG50-1/snapshots/99/subhalos/182/
40,191,http://www.tng-project.org/api/TNG50-1/snapshots/99/subhalos/191/
41,195,http://www.tng-project.org/api/TNG50-1/snapshots/99/subhalos/195/
42,202,http://www.tng-project.org/api/TNG50-1/snapshots/99/subhalos/202/
43,230,http://www.tng-project.org/api/TNG50-1/snapshots/99/subhalos/230/
44,257,http://www.tng-project.org/api/TNG50-1/snapshots/99/subhalos/257/
45,276,http://www.tng-project.org/api/TNG50-1/snapshots/99/subhalos/276/
46,3052,http://www.tng-project.org/api/TNG50-1/snapshots/99/subhalos/3052/
47,63864,http://www.tng-project.org/api/TNG50-1/snapshots/99/subhalos/63864/
48,63865,http://www.tng-project.org/api/TNG50-1/snapshots/99/subhalos/63865/
49,63866,http://www.tng-project.org/api/TNG50-1/snapshots/99/subhalos/63866/
50,63867,http://www.tng-project.org/api/TNG50-1/snapshots/99/subhalos/63867/
51,63868,http://www.tng-project.org/api/TNG50-1/snapshots/99/subhalos/63868/
52,63869,http://www.tng-project.org/api/TNG50-1/snapshots/99/subhalos/63869/
53,63870,http://www.tng-project.org/api/TNG50-1/snapshots/99/subhalos/63870/
54,63871,http://www.tng-project.org/api/TNG50-1/snapshots/99/subhalos/63871/
55,63872,http://www.tng-project.org/api/TNG50-1/snapshots/99/subhalos/63872/
56,63877,http://www.tng-project.org/api/TNG50-1/snapshots/99/subhalos/63877/
57,63879,http://www.tng-project.org/api/TNG50-1/snapshots/99/subhalos/63879/
58,63881,http://www.tng-project.org/api/TNG50-1/snapshots/99/subhalos/63881/
59,63883,http://www.tng-project.org/api/TNG50-1/snapshots/99/subhalos/63883/
60,63887,http://www.tng-project.org/api/TNG50-1/snapshots/99/subhalos/63887/
61,63888,http://www.tng-project.org/api/TNG50-1/snapshots/99/subhalos/63888/
62,63889,http://www.tng-project.org/api/TNG50-1/snapshots/99/subhalos/63889/
63,63890,http://www.tng-project.org/api/TNG50-1/snapshots/99/subhalos/63890/
64,63892,http://www.tng-project.org/api/TNG50-1/snapshots/99/subhalos/63892/
65,63894,http://www.tng-project.org/api/TNG50-1/snapshots/99/subhalos/63894/
66,63895,http://www.tng-project.org/api/TNG50-1/snapshots/99/subhalos/63895/
67,63896,http://www.tng-project.org/api/TNG50-1/snapshots/99/subhalos/63896/
68,63897,http://www.tng-project.org/api/TNG50-1/snapshots/99/subhalos/63897/
69,63898,http://www.tng-project.org/api/TNG50-1/snapshots/99/subhalos/63898/
70,63899,http://www.tng-project.org/api/TNG50-1/snapshots/99/subhalos/63899/
71,63902,http://www.tng-project.org/api/TNG50-1/snapshots/99/subhalos/63902/
72,63903,http://www.tng-project.org/api/TNG50-1/snapshots/99/subhalos/63903/
73,63905,http://www.tng-project.org/api/TNG50-1/snapshots/99/subhalos/63905/
74,63906,http://www.tng-project.org/api/TNG50-1/snapshots/99/subhalos/63906/
75,63908,http://www.tng-project.org/api/TNG50-1/snapshots/99/subhalos/63908/
76,63909,http://www.tng-project.org/api/TNG50-1/snapshots/99/subhalos/63909/
77,63918,http://www.tng-project.org/api/TNG50-1/snapshots/99/subhalos/63918/
78,63922,http://www.tng-project.org/api/TNG50-1/snapshots/99/subhalos/63922/
79,63923,http://www.tng-project.org/api/TNG50-1/snapshots/99/subhalos/63923/
80,63927,http://www.tng-project.org/api/TNG50-1/snapshots/99/subhalos/63927/
81,63932,http://www.tng-project.org/api/TNG50-1/snapshots/99/subhalos/63932/
82,63933,http://www.tng-project.org/api/TNG50-1/snapshots/99/subhalos/63933/
83,63935,http://www.tng-project.org/api/TNG50-1/snapshots/99/subhalos/63935/
84,63943,http://www.tng-project.org/api/TNG50-1/snapshots/99/subhalos/63943/
85,63945,http://www.tng-project.org/api/TNG50-1/snapshots/99/subhalos/63945/
86,63946,http://www.tng-project.org/api/TNG50-1/snapshots/99/subhalos/63946/
87,63952,http://www.tng-project.org/api/TNG50-1/snapshots/99/subhalos/63952/
88,63953,http://www.tng-project.org/api/TNG50-1/snapshots/99/subhalos/63953/
89,63955,http://www.tng-project.org/api/TNG50-1/snapshots/99/subhalos/63955/
90,63958,http://www.tng-project.org/api/TNG50-1/snapshots/99/subhalos/63958/
91,63972,http://www.tng-project.org/api/TNG50-1/snapshots/99/subhalos/63972/
92,63975,http://www.tng-project.org/api/TNG50-1/snapshots/99/subhalos/63975/
93,63976,http://www.tng-project.org/api/TNG50-1/snapshots/99/subhalos/63976/
94,63980,http://www.tng-project.org/api/TNG50-1/snapshots/99/subhalos/63980/
95,63988,http://www.tng-project.org/api/TNG50-1/snapshots/99/subhalos/63988/
96,63994,http://www.tng-project.org/api/TNG50-1/snapshots/99/subhalos/63994/
97,63997,http://www.tng-project.org/api/TNG50-1/snapshots/99/subhalos/63997/
98,64001,http://www.tng-project.org/api/TNG50-1/snapshots/99/subhalos/64001/
99,64003,http://www.tng-project.org/api/TNG50-1/snapshots/99/subhalos/64003/
100,64016,http://www.tng-project.org/api/TNG50-1/snapshots/99/subhalos/64016/
101,64051,http://www.tng-project.org/api/TNG50-1/snapshots/99/subhalos/64051/
102,64065,http://www.tng-project.org/api/TNG50-1/snapshots/99/subhalos/64065/
103,64084,http://www.tng-project.org/api/TNG50-1/snapshots/99/subhalos/64084/
104,64086,http://www.tng-project.org/api/TNG50-1/snapshots/99/subhalos/64086/
105,64162,http://www.tng-project.org/api/TNG50-1/snapshots/99/subhalos/64162/
106,64190,http://www.tng-project.org/api/TNG50-1/snapshots/99/subhalos/64190/
107,64192,http://www.tng-project.org/api/TNG50-1/snapshots/99/subhalos/64192/
108,64215,http://www.tng-project.org/api/TNG50-1/snapshots/99/subhalos/64215/
109,64479,http://www.tng-project.org/api/TNG50-1/snapshots/99/subhalos/64479/
110,64714,http://www.tng-project.org/api/TNG50-1/snapshots/99/subhalos/64714/
111,96762,http://www.tng-project.org/api/TNG50-1/snapshots/99/subhalos/96762/
112,96765,http://www.tng-project.org/api/TNG50-1/snapshots/99/subhalos/96765/
113,96768,http://www.tng-project.org/api/TNG50-1/snapshots/99/subhalos/96768/
114,96770,http://www.tng-project.org/api/TNG50-1/snapshots/99/subhalos/96770/
115,96773,http://www.tng-project.org/api/TNG50-1/snapshots/99/subhalos/96773/
116,96774,http://www.tng-project.org/api/TNG50-1/snapshots/99/subhalos/96774/
117,96775,http://www.tng-project.org/api/TNG50-1/snapshots/99/subhalos/96775/
118,96778,http://www.tng-project.org/api/TNG50-1/snapshots/99/subhalos/96778/
119,96783,http://www.tng-project.org/api/TNG50-1/snapshots/99/subhalos/96783/
120,96784,http://www.tng-project.org/api/TNG50-1/snapshots/99/subhalos/96784/
121,96786,http://www.tng-project.org/api/TNG50-1/snapshots/99/subhalos/96786/
122,96787,http://www.tng-project.org/api/TNG50-1/snapshots/99/subhalos/96787/
123,96788,http://www.tng-project.org/api/TNG50-1/snapshots/99/subhalos/96788/
124,96789,http://www.tng-project.org/api/TNG50-1/snapshots/99/subhalos/96789/
125,96790,http://www.tng-project.org/api/TNG50-1/snapshots/99/subhalos/96790/
126,96792,http://www.tng-project.org/api/TNG50-1/snapshots/99/subhalos/96792/
127,96793,http://www.tng-project.org/api/TNG50-1/snapshots/99/subhalos/96793/
128,96794,http://www.tng-project.org/api/TNG50-1/snapshots/99/subhalos/96794/
129,96795,http://www.tng-project.org/api/TNG50-1/snapshots/99/subhalos/96795/
130,96796,http://www.tng-project.org/api/TNG50-1/snapshots/99/subhalos/96796/
131,96797,http://www.tng-project.org/api/TNG50-1/snapshots/99/subhalos/96797/
132,96799,http://www.tng-project.org/api/TNG50-1/snapshots/99/subhalos/96799/
133,96803,http://www.tng-project.org/api/TNG50-1/snapshots/99/subhalos/96803/
134,96807,http://www.tng-project.org/api/TNG50-1/snapshots/99/subhalos/96807/
135,96811,http://www.tng-project.org/api/TNG50-1/snapshots/99/subhalos/96811/
136,96812,http://www.tng-project.org/api/TNG50-1/snapshots/99/subhalos/96812/
137,96816,http://www.tng-project.org/api/TNG50-1/snapshots/99/subhalos/96816/
138,96817,http://www.tng-project.org/api/TNG50-1/snapshots/99/subhalos/96817/
139,96818,http://www.tng-project.org/api/TNG50-1/snapshots/99/subhalos/96818/
140,96821,http://www.tng-project.org/api/TNG50-1/snapshots/99/subhalos/96821/
141,96823,http://www.tng-project.org/api/TNG50-1/snapshots/99/subhalos/96823/
142,96828,http://www.tng-project.org/api/TNG50-1/snapshots/99/subhalos/96828/
143,96833,http://www.tng-project.org/api/TNG50-1/snapshots/99/subhalos/96833/
144,96881,http://www.tng-project.org/api/TNG50-1/snapshots/99/subhalos/96881/
145,96910,http://www.tng-project.org/api/TNG50-1/snapshots/99/subhalos/96910/
146,96914,http://www.tng-project.org/api/TNG50-1/snapshots/99/subhalos/96914/
147,96945,http://www.tng-project.org/api/TNG50-1/snapshots/99/subhalos/96945/
148,96995,http://www.tng-project.org/api/TNG50-1/snapshots/99/subhalos/96995/
149,97024,http://www.tng-project.org/api/TNG50-1/snapshots/99/subhalos/97024/
150,97098,http://www.tng-project.org/api/TNG50-1/snapshots/99/subhalos/97098/
151,97138,http://www.tng-project.org/api/TNG50-1/snapshots/99/subhalos/97138/
152,117250,http://www.tng-project.org/api/TNG50-1/snapshots/99/subhalos/117250/
153,117251,http://www.tng-project.org/api/TNG50-1/snapshots/99/subhalos/117251/
154,117252,http://www.tng-project.org/api/TNG50-1/snapshots/99/subhalos/117252/
155,117254,http://www.tng-project.org/api/TNG50-1/snapshots/99/subhalos/117254/
156,117255,http://www.tng-project.org/api/TNG50-1/snapshots/99/subhalos/117255/
157,117256,http://www.tng-project.org/api/TNG50-1/snapshots/99/subhalos/117256/
158,117257,http://www.tng-project.org/api/TNG50-1/snapshots/99/subhalos/117257/
159,117258,http://www.tng-project.org/api/TNG50-1/snapshots/99/subhalos/117258/
160,117260,http://www.tng-project.org/api/TNG50-1/snapshots/99/subhalos/117260/
161,117262,http://www.tng-project.org/api/TNG50-1/snapshots/99/subhalos/117262/
162,117263,http://www.tng-project.org/api/TNG50-1/snapshots/99/subhalos/117263/
163,117264,http://www.tng-project.org/api/TNG50-1/snapshots/99/subhalos/117264/
164,117265,http://www.tng-project.org/api/TNG50-1/snapshots/99/subhalos/117265/
165,117266,http://www.tng-project.org/api/TNG50-1/snapshots/99/subhalos/117266/
166,117267,http://www.tng-project.org/api/TNG50-1/snapshots/99/subhalos/117267/
167,117268,http://www.tng-project.org/api/TNG50-1/snapshots/99/subhalos/117268/
168,117269,http://www.tng-project.org/api/TNG50-1/snapshots/99/subhalos/117269/
169,117270,http://www.tng-project.org/api/TNG50-1/snapshots/99/subhalos/117270/
170,117272,http://www.tng-project.org/api/TNG50-1/snapshots/99/subhalos/117272/
171,117273,http://www.tng-project.org/api/TNG50-1/snapshots/99/subhalos/117273/
172,117275,http://www.tng-project.org/api/TNG50-1/snapshots/99/subhalos/117275/
173,117276,http://www.tng-project.org/api/TNG50-1/snapshots/99/subhalos/117276/
174,117277,http://www.tng-project.org/api/TNG50-1/snapshots/99/subhalos/117277/
175,117278,http://www.tng-project.org/api/TNG50-1/snapshots/99/subhalos/117278/
176,117279,http://www.tng-project.org/api/TNG50-1/snapshots/99/subhalos/117279/
177,117280,http://www.tng-project.org/api/TNG50-1/snapshots/99/subhalos/117280/
178,117281,http://www.tng-project.org/api/TNG50-1/snapshots/99/subhalos/117281/
179,117282,http://www.tng-project.org/api/TNG50-1/snapshots/99/subhalos/117282/
180,117283,http://www.tng-project.org/api/TNG50-1/snapshots/99/subhalos/117283/
181,117285,http://www.tng-project.org/api/TNG50-1/snapshots/99/subhalos/117285/
182,117286,http://www.tng-project.org/api/TNG50-1/snapshots/99/subhalos/117286/
183,117287,http://www.tng-project.org/api/TNG50-1/snapshots/99/subhalos/117287/
184,117288,http://www.tng-project.org/api/TNG50-1/snapshots/99/subhalos/117288/
185,117289,http://www.tng-project.org/api/TNG50-1/snapshots/99/subhalos/117289/
186,117290,http://www.tng-project.org/api/TNG50-1/snapshots/99/subhalos/117290/
187,117291,http://www.tng-project.org/api/TNG50-1/snapshots/99/subhalos/117291/
188,117292,http://www.tng-project.org/api/TNG50-1/snapshots/99/subhalos/117292/
189,117294,http://www.tng-project.org/api/TNG50-1/snapshots/99/subhalos/117294/
190,117295,http://www.tng-project.org/api/TNG50-1/snapshots/99/subhalos/117295/
191,117297,http://www.tng-project.org/api/TNG50-1/snapshots/99/subhalos/117297/
192,117298,http://www.tng-project.org/api/TNG50-1/snapshots/99/subhalos/117298/
193,117299,http://www.tng-project.org/api/TNG50-1/snapshots/99/subhalos/117299/
194,117301,http://www.tng-project.org/api/TNG50-1/snapshots/99/subhalos/117301/
195,117303,http://www.tng-project.org/api/TNG50-1/snapshots/99/subhalos/117303/
196,117304,http://www.tng-project.org/api/TNG50-1/snapshots/99/subhalos/117304/
197,117312,http://www.tng-project.org/api/TNG50-1/snapshots/99/subhalos/117312/
198,117313,http://www.tng-project.org/api/TNG50-1/snapshots/99/subhalos/117313/
